GDP_Category,Avg_Happiness_Score
Low,4.043520271533245
Medium,5.0231328102052215
High,6.114717648522995
Very High,6.688636362711589
